,uts,accelerateX,accelerateY,accelerateZ,compass,gps.x,gps.y,gyro.x,gyro.y,gyro.z,heartrate,light,pressure
0,2018-11-18 08:18:41+07:00,-3.957379,-14.204506,2.3036916,355.853,13.62156333,100.3690933,-1.3047401,-2.642471,3.3150612999999995,117.0,12.0,1013.201
1,2018-11-18 08:19:03+07:00,-0.038235545,-1.1566253,1.8831006000000001,355.853,13.62148167,100.3691333,1.8730363,2.5211494,-1.2951620000000001,81.0,12.0,1013.165
2,2018-11-18 08:19:45+07:00,1.9069979,-4.379110661715909,-4.358852400000001,351.80852999999996,13.62156333,100.36908829999999,-0.67684716,-3.6875400000000003,1.1238217,104.0,10.0,1013.2180000000001
3,2018-11-18 08:20:13+07:00,-0.26525912,-10.149148,3.0421157,354.0673,13.62156167,100.36910329999999,-0.43739653,1.5580256000000001,0.04789013,122.0,10.0,1013.20795
4,2018-11-18 08:20:33+07:00,-2.0981755,-11.195846000000001,1.7540557,354.0673,13.621545000000001,100.3691,-2.8499950000000003,-1.5622824,3.1788404,83.5530303030303,11.0,1013.206
5,2018-11-18 08:20:53+07:00,-8.591049,-13.676376999999999,7.9721117,354.75748,13.621504999999999,100.3690267,-0.78007704,0.5959661,-0.5927734,123.0,9.0,1013.2139999999999
6,2018-11-18 08:21:18+07:00,4.007562999999999,0.77665955,-0.1863983,354.7575,13.62154833,100.3691067,1.7410723000000001,-0.7215446,1.1887393999999998,73.0,9.0,1013.209
7,2018-11-18 08:21:39+07:00,-19.49774,-6.3686085,2.8485482,354.9147,13.62155333,100.3690733,-0.19794588,-2.9894084999999997,-3.459796,58.0,10.0,1013.217
8,2018-11-18 08:21:58+07:00,-10.720291,-2.3992805,0.60220987,354.68427,13.62152333,100.36912,0.86627924,-1.1993817,-1.3941348999999998,79.0,11.0,1013.22
9,2018-11-18 08:22:19+07:00,-0.81011564,-7.9888395999999995,2.2319999999999998,354.68427,13.62153667,100.369135,0.77582014,0.0,-1.2323728,114.0,12.0,1013.2260000000001
10,2018-11-18 08:22:39+07:00,-1.0251906,-1.2426553,0.9606681,355.70935,13.62152667,100.36913829999999,-1.7485218999999996,-0.35013008,0.21923038,116.0,13.0,1013.2180000000001
11,2018-11-18 08:22:58+07:00,-2.3586552000000003,-16.441285999999998,14.871238,355.70935,13.621514999999999,100.36913,2.8255177000000002,1.1855468,3.3608230000000003,80.0,10.0,1013.21
12,2018-11-18 08:23:51+07:00,2.1101243,-2.2463384,4.638449700000001,354.00622999999996,13.62157333,100.3690783,4.320754,-0.13728504,-2.0071287,70.0,12.0,1013.279
13,2018-11-18 08:24:16+07:00,-0.81967455,-4.7698846,-1.7373276999999998,354.00622999999996,13.62154167,100.3690767,-1.9869082999999998,0.17559715,1.9986148000000001,62.0,9.0,1013.275
14,2018-11-18 08:24:45+07:00,7.042509599999999,0.9678373,5.1163940000000006,353.61404,13.62153833,100.369095,1.6665765,2.5552046,3.5342917000000003,66.0,11.0,1013.295
15,2018-11-18 08:25:25+07:00,-18.549019,-0.8579101,0.25092077,353.61404,13.621525,100.36909,-0.008513801,-1.5888882,-0.006385351,123.0,14.0,1013.2660000000001
16,2018-11-18 08:25:45+07:00,-12.132617,0.1433833,5.689927,352.51895,13.62155167,100.36908000000001,-0.98866516,0.9226832,2.5083787,63.0,13.0,1013.288
17,2018-11-18 08:26:05+07:00,-6.8537216,-8.065310499999999,9.219546000000001,352.51895,13.62157167,100.369015,-0.28201967,-0.29266190000000003,1.4484104,84.0,13.0,1013.2660000000001
18,2018-11-18 08:26:28+07:00,3.123366,-9.618628999999999,0.85313064,352.51895,13.62154833,100.36908829999999,0.36183655,0.16921179,0.1266428,61.0,3.0,1013.2679400000001
19,2018-11-18 08:27:15+07:00,2.5307152000000004,-9.405945,3.3217132000000005,354.0744,13.62154667,100.36912170000001,-0.11280786,0.4906077999999999,-0.65449846,71.0,17.0,1008.3325933712124
20,2018-11-18 08:27:59+07:00,-2.3419272999999996,-2.3682141,1.0395290000000001,350.71277000000003,13.62150833,100.36911500000001,0.4906077999999999,4.0163856,-0.898206,69.0,31.0,1013.248
21,2018-11-18 08:28:23+07:00,1.1375076000000002,-8.507408999999999,5.5345955,350.44177,13.621525,100.36917170000001,-0.009578026,-0.8056184000000001,0.27244163,100.0,12.0,1013.315
22,2018-11-18 08:28:53+07:00,-9.238664,-14.467375,-2.8318202,349.8848,13.62150833,100.36917,-1.8634582,1.6878611000000001,3.1266935,72.0,9.0,1013.318
23,2018-11-18 08:29:32+07:00,-8.0677,-22.248307999999998,0.86746895,349.8848,13.621529999999998,100.36910329999999,-0.62895703,0.8630866,-0.30543262,67.0,13.0,1013.307
24,2018-11-18 08:30:21+07:00,-10.321208,-2.9250192999999998,-2.1077343999999996,348.88684,13.62149,100.3691233,0.7619852,-0.9950505,-0.92481166,109.0,14.0,1013.24
25,2018-11-18 08:30:42+07:00,0.9296017,-11.291435,6.416403,351.86823,13.62150667,100.3690933,2.1444137000000003,-0.46506637,-2.3029832999999997,116.0,21.0,1013.25604
26,2018-11-18 08:31:02+07:00,1.3191264,-11.661841,9.922125,353.38812,13.62149667,100.3691067,0.7917835,-0.7630494000000001,-2.7574074,66.0,15.0,1013.2810000000001
27,2018-11-18 08:31:23+07:00,-4.803340400000001,-7.4989467,-0.95110923,353.38812,13.62152667,100.36909,0.5725531,2.3359742000000003,-2.576489,66.0,14.0,1013.28
28,2018-11-18 08:32:02+07:00,-14.378955,-1.3143468999999999,3.8641797999999996,353.38812,13.62145,100.3691183,1.1163721000000002,2.1231291000000003,-2.80849,74.0,15.0,1013.2731
29,2018-11-18 08:32:22+07:00,-0.81250536,-17.547726,-0.6834604000000001,355.27194,13.62147167,100.3691,-0.018091828,-0.53530526,-0.85244435,68.0,30.0,1013.2310000000001
30,2018-11-18 08:32:43+07:00,-0.78860813,-3.6897302000000005,-1.2928393999999999,355.27194,13.62147833,100.36912,1.9847797999999999,-5.185969,1.4377681,93.0,30.0,1013.166
31,2018-11-18 08:33:04+07:00,-16.352864999999998,-6.2156663,2.3108609,354.9621,13.62144833,100.36913670000001,2.136964,-1.8751647,-1.7155308999999996,73.0,27.0,1013.299
32,2018-11-18 08:33:24+07:00,-12.498244,-2.0479915,2.559392,355.3162,13.62147667,100.3691467,1.7847055,0.69600326,1.6399708999999998,91.0,18.0,1013.27
33,2018-11-18 10:24:30+07:00,3.0301669999999996,0.36562740000000005,8.901713,62.599090000000004,0.0,0.0,-0.24902868,-0.050018582,0.06598196,94.0,299.0,1012.79
34,2018-11-18 10:25:09+07:00,1.5939443000000002,-0.53529763,9.484805,59.72119,0.0,0.0,-0.027669852999999998,-0.012770701,0.019156052,83.0,296.0,1012.788
35,2018-11-18 10:25:29+07:00,1.3573619,-0.42298073,9.422672,59.72119,0.0,0.0,-0.03937633,-0.003192675,-0.006385351,95.0,339.0,1012.7710000000001
36,2018-11-18 10:25:49+07:00,1.2426553,-1.1733533,9.396385,58.21631,0.0,0.0,1.1270143999999997,-0.9822798,-1.1504273,92.0,307.0,1012.79205
37,2018-11-18 10:26:08+07:00,2.2033234,-0.5209593,9.319915,58.21631,0.0,0.0,-0.10429406,-0.031926755,0.11812899,94.0,290.0,1012.7869
38,2018-11-18 10:26:28+07:00,1.7373276999999998,0.50901073,9.307966,58.21631,0.0,0.0,-0.054275483,0.0,0.004256899999999999,84.0,288.0,1012.79205
39,2018-11-18 10:26:47+07:00,1.4887966000000001,0.9415503000000001,9.260172,58.21631,0.0,0.0,-0.04363323,-0.048954356,-0.029798305,83.0,281.0,1012.7589999999999
40,2018-11-18 10:27:07+07:00,1.5103041000000001,1.0873233,9.393996000000001,58.21631,0.0,0.0,0.011706476,0.0,-0.006385351,82.0,281.0,1012.7370599999999
41,2018-11-18 10:27:27+07:00,1.4433919,1.02997,9.360539,46.073334,0.0,0.0,-0.004256899999999999,0.0,-0.001064225,94.0,33.0,1012.82794
42,2018-11-18 10:27:46+07:00,0.87463814,3.2619700000000003,9.131126,46.073334,0.0,0.0,-0.007449575999999999,0.004256899999999999,-0.003192675,87.0,244.0,1012.762
43,2018-11-18 10:28:06+07:00,3.4818244,-1.7444968,8.643623,46.073334,0.0,0.0,0.2288084,-0.20326701,0.26605627,68.0,323.0,1012.7660000000001
44,2018-11-18 10:28:27+07:00,-8.464395,3.1663811,5.0566510000000005,46.073334,0.0,0.0,-0.053211257000000005,-1.1525558,-1.068482,90.0,281.0,1012.75
45,2018-11-18 10:28:48+07:00,-0.05257388,3.6467152,8.937559,35.128723,0.0,0.0,0.048954356,0.018091828,-0.00212845,81.0,383.0,1012.801
46,2018-11-18 10:29:09+07:00,-8.861088,-1.3501928,4.268043,35.128723,0.0,0.0,-0.26073515,0.03724788,-0.09365181,81.0,756.0,1012.795
47,2018-11-18 10:29:30+07:00,-8.896934,-1.5915546,4.031460299999999,35.128723,0.0,0.0,0.031926755,-0.015963377,-0.013834926,94.0,798.0,1012.80396
48,2018-11-18 10:29:51+07:00,-9.009250999999999,-1.7182098999999997,3.976497,35.128723,0.0,0.0,0.007449575999999999,-0.006385351,-0.009578026,81.0,805.0,1012.795
49,2018-11-18 10:30:13+07:00,2.0193148,2.2272205,9.054655,40.76886,0.0,0.0,-0.029798305,-0.010642251,-0.00212845,82.0,308.0,1012.7459
50,2018-11-18 10:30:34+07:00,2.1818159,1.6608566000000002,9.004471,40.76883,0.0,0.0,-0.024477178,-0.003192675,-0.013834926,87.0,309.0,1012.74396
51,2018-11-18 10:30:54+07:00,1.9858586999999999,1.2856703,9.2147665,40.76886,0.0,0.0,-0.020220278,0.023412952,0.020220278,89.0,317.0,1012.7370599999999
52,2018-11-18 10:31:15+07:00,1.9595717000000001,1.2474347,9.162192999999998,43.092255,0.0,0.0,-0.003192675,0.001064225,-0.004256899999999999,82.0,324.0,1012.7269
53,2018-11-18 10:31:36+07:00,3.3241029,-9.150245,3.7470837,43.092255,0.0,0.0,-0.06278928,-0.018091828,0.05959661,83.0,318.0,1012.735
54,2018-11-18 10:31:57+07:00,1.8759314999999999,-2.2702355,9.190869000000001,43.092255,0.0,0.0,-0.023412952,-0.003192675,0.007449575999999999,83.0,320.0,1012.7339999999999
55,2018-11-18 10:32:19+07:00,1.9476231,-1.8496445,9.107229,51.251404,0.0,0.0,0.014899151999999999,-0.006385351,-0.011706476,89.0,249.0,1012.7389999999999
56,2018-11-18 10:32:40+07:00,9.049876,2.4805312,0.9296017,51.251404,0.0,0.0,0.021284502,0.027669852999999998,0.009578026,94.0,398.0,1012.7219
57,2018-11-18 10:33:01+07:00,1.3812591,-0.5854818,10.225619,51.251404,0.0,0.0,0.038312104,-0.03511943,-0.29904726,101.0,247.0,1012.70795
58,2018-11-18 10:33:22+07:00,1.3597516,0.231803,9.580394,48.902985,0.0,0.0,0.021284502,0.0,0.009578026,88.0,246.0,1012.743
59,2018-11-18 10:33:43+07:00,4.638449700000001,-8.66991,3.9119744,55.178709999999995,0.0,0.0,0.44378188,-0.42781850000000005,-0.6821683000000001,100.0,225.0,1012.721
60,2018-11-18 10:34:04+07:00,7.599315,4.600214,2.525936,55.178709999999995,0.0,0.0,-0.3469374,0.1308997,0.07236731,84.0,381.0,1012.762
61,2018-11-18 10:34:26+07:00,2.3849423,-9.797858999999999,0.463606,55.600372,0.0,0.0,0.05640393,0.0,-0.09045914,88.0,341.0,1012.704
62,2018-11-18 10:34:46+07:00,0.9893448,1.4625096000000002,9.389216000000001,55.600372,0.0,0.0,0.06491773599999999,-0.015963377,-0.011706476,84.0,308.0,1012.6891
63,2018-11-18 10:35:16+07:00,0.74798286,0.55919486,9.566056,55.600372,0.0,0.0,0.012770701,0.014899151999999999,0.0,83.0,342.0,1012.699
64,2018-11-18 10:35:37+07:00,-9.408334,-2.3132505,4.3230066,55.600372,0.0,0.0,0.053211257000000005,0.85776544,1.0972161,66.0,250.0,1012.7260000000001
65,2018-11-18 10:35:58+07:00,8.289945,3.9167538,2.14597,55.89566,0.0,0.0,0.06491773599999999,0.006385351,0.04150478,84.0,291.0,1012.7239999999999
66,2018-11-18 10:36:19+07:00,2.9560857000000005,0.43492934,9.3581505,55.89566,0.0,0.0,0.030862529,-0.06066083,0.06811041,84.0,297.0,1012.712
67,2018-11-18 10:36:40+07:00,6.566955,-3.168771,3.9191434000000003,55.89566,0.0,0.0,-1.5431264999999998,2.0167067,-0.13834926,105.0,6.0,1012.716
68,2018-11-18 10:37:00+07:00,3.7829294,-4.2106895,6.2204456,53.441832999999995,0.0,0.0,0.6938748,0.72260886,-0.44697455,90.0,87.0,1012.677
69,2018-11-18 10:37:27+07:00,4.7268696,-4.8224583,5.7735677,53.441803,0.0,0.0,-0.47251597,-0.47038752,-0.14260617,85.0,171.0,1012.7139999999999
70,2018-11-18 10:37:48+07:00,2.6979957000000003,-4.63606,7.025781599999999,53.441832999999995,0.0,0.0,-0.6555626999999999,0.024477178,1.0110139,86.0,74.0,1012.66
71,2018-11-18 10:38:08+07:00,0.6834604000000001,-3.6180387,8.760719,52.529419999999995,0.0,0.0,-1.3920065000000001,0.04363323,0.17453292,88.0,281.0,1012.665
72,2018-11-18 10:38:29+07:00,0.44209849999999995,-2.0886168,9.491975,52.529419999999995,0.0,0.0,-0.04789013,-0.004256899999999999,-0.018091828,80.0,320.0,1012.6460000000001
73,2018-11-18 10:38:50+07:00,1.2044197,-3.9788866,8.765499,49.551790000000004,0.0,0.0,0.024477178,0.012770701,0.001064225,88.0,281.0,1012.701
74,2018-11-18 10:39:11+07:00,0.99651396,-10.168265,0.8029465,47.247833,0.0,0.0,-0.003192675,0.014899151999999999,-0.001064225,88.0,386.0,1012.697
75,2018-11-18 10:39:32+07:00,0.95349896,-10.182604,0.34411994,45.41577,0.0,0.0,-0.009578026,-0.001064225,-0.003192675,80.0,374.0,1012.67896
76,2018-11-18 10:39:54+07:00,0.8483511999999999,-10.168265,1.056257,45.41577,0.0,0.0,0.001064225,0.00212845,-0.011706476,75.0,373.0,1012.664
77,2018-11-18 10:40:27+07:00,0.8148951,-10.005765,1.5150836,45.41577,0.0,0.0,-0.019156052,0.0,0.010642251,78.0,367.0,1012.6481
78,2018-11-18 10:40:48+07:00,0.7862184,-10.022492,1.3836488999999998,43.97809,0.0,0.0,-0.009578026,-0.011706476,0.001064225,78.0,365.0,1012.654
79,2018-11-18 10:41:09+07:00,0.32261243,-10.089405000000001,1.7158202,43.97809,0.0,0.0,-0.010642251,0.004256899999999999,0.010642251,81.0,362.0,1012.65
80,2018-11-18 10:41:29+07:00,0.30110493,-9.938852,1.8592035,47.802887,0.0,0.0,-0.026605628,-0.001064225,-0.007449575999999999,83.0,261.0,1012.6360000000001
81,2018-11-18 10:41:50+07:00,8.734433000000001,2.5617816,2.3538759,51.118835,0.0,0.0,-0.9141693999999999,-0.040440556,-0.07555998,79.0,282.0,1012.6481
82,2018-11-18 10:42:12+07:00,8.858698,3.2165654,1.0180215,51.118835,0.0,0.0,-0.014899151999999999,0.003192675,0.003192675,87.0,224.0,1012.622
83,2018-11-18 10:42:32+07:00,1.9547923999999999,-3.3360515,8.880206,50.500609999999995,0.0,0.0,0.04789013,-0.009578026,0.017027602,84.0,165.0,1012.5969
84,2018-11-18 10:42:53+07:00,1.6847538,-4.3612423,8.550425,50.500609999999995,0.0,0.0,-0.003192675,0.003192675,-0.003192675,80.0,358.0,1012.605
85,2018-11-18 10:43:15+07:00,4.781833,-3.410133,8.614946,50.73407,0.0,0.0,-0.5044427,0.018091828,-0.22135882,88.0,311.0,1012.62
86,2018-11-18 10:43:46+07:00,2.9178502999999996,0.39191437,9.033147999999999,50.73407,0.0,0.0,-0.006385351,-0.001064225,-0.023412952,88.0,282.0,1012.615
87,2018-11-18 10:44:08+07:00,-0.007169165,-5.5561028,8.220642999999999,50.73407,0.0,0.0,0.071303084,0.003192675,-0.006385351,82.0,321.0,1012.605
88,2018-11-18 10:44:30+07:00,3.1448736,-2.3753834,5.374484,50.73407,0.0,0.0,-3.7992837,0.8673434999999999,0.012770701,81.0,185.0,1012.63104
89,2018-11-18 10:44:51+07:00,7.630381,5.1928654000000005,2.0790580000000003,52.93521,0.0,0.0,-0.06811041,-0.06385351,-0.1904963,88.0,216.0,1012.585
90,2018-11-18 10:45:13+07:00,9.061825,-0.06452248,1.9715203999999997,52.93521,0.0,0.0,-0.31713909999999995,0.010642251,0.0,92.0,175.0,1012.6089999999999
91,2018-11-18 10:45:35+07:00,9.140685000000001,-0.6547837,2.8055332,52.93521,0.0,0.0,0.16708335,-0.006385351,-0.029798305,93.0,188.0,1012.6120599999999
92,2018-11-18 10:45:56+07:00,7.6471095,5.2263209999999996,0.11231692,55.569945999999995,0.0,0.0,0.160698,0.11174364,-0.06704618,83.0,157.0,1012.6010000000001
93,2018-11-18 10:46:17+07:00,7.2241287,5.9599657,-0.31305355,55.569945999999995,0.0,0.0,-0.001064225,-0.007449575999999999,-0.001064225,87.0,175.0,1012.6410000000001
94,2018-11-18 10:46:39+07:00,9.367709,-1.2044197,1.1375076000000002,57.44333,0.0,0.0,0.005321126,0.0,-0.007449575999999999,92.0,158.0,1012.6139999999999
95,2018-11-18 10:47:00+07:00,9.241054,0.87463814,1.5126939,59.057159999999996,0.0,0.0,-0.17666137,-0.071303084,0.11067941,77.0,139.0,1012.6429400000001
96,2018-11-18 10:47:22+07:00,9.539769,-0.76949036,1.1637945,59.057159999999996,0.0,0.0,-0.03299098,0.06066083,0.04150478,78.0,138.0,1012.637
97,2018-11-18 10:47:44+07:00,9.245833,-0.22941329,2.8389892999999997,59.057159999999996,0.0,0.0,0.034055203,-0.057468157,-0.009578026,83.0,158.0,1012.6070599999999
98,2018-11-18 10:48:05+07:00,9.578005000000001,0.41103214,0.91048396,59.057159999999996,0.0,0.0,0.018091828,-0.009578026,-0.012770701,78.0,161.0,1012.617
99,2018-11-18 10:48:27+07:00,9.618628999999999,0.48989293,0.8029465,59.057159999999996,0.0,0.0,0.009578026,0.0,-0.006385351,89.0,159.0,1012.637
100,2018-11-18 10:48:49+07:00,9.131126,-2.026484,0.65000427,60.162018,0.0,0.0,-0.001064225,-0.004256899999999999,0.04150478,79.0,167.0,1012.6110000000001
101,2018-11-18 10:49:10+07:00,9.585174,-2.327589,0.12187581,60.162018,0.0,0.0,0.17559715,0.07875266,-0.13302813,86.0,134.0,1012.62
102,2018-11-18 10:49:32+07:00,9.023589,-2.208103,0.21507496,60.162018,0.0,0.0,0.04789013,-0.09258759,-0.15324841,94.0,180.0,1012.5989999999999
103,2018-11-18 10:49:54+07:00,9.685542,-2.4231777,1.1136103000000002,60.759277000000004,0.0,0.0,-0.06491773599999999,-0.14579885,-0.03724788,79.0,148.0,1012.635
104,2018-11-18 10:50:15+07:00,6.077062000000001,-7.381850200000001,-0.8364026,59.1817,0.0,0.0,0.017027602,-0.06066083,-0.026605628,65.0,18.0,1012.697
105,2018-11-18 10:50:37+07:00,4.076865,2.5020387000000004,8.607778,59.1817,0.0,0.0,-1.7272372999999999,-0.2915977,0.88330686,69.0,321.0,1012.6039999999999
106,2018-11-18 10:50:58+07:00,0.46599573,3.7518629999999997,8.880206,59.1817,0.0,0.0,-0.00212845,-0.029798305,-0.00212845,61.0,243.0,1012.6019
107,2018-11-18 10:51:19+07:00,-5.302792500000001,-5.2334905,6.8800087,59.1817,0.0,0.0,0.019156052,-0.031926755,0.13196392,64.0,99.0,1012.617
108,2018-11-18 10:51:42+07:00,-9.209988000000001,-2.3801627,1.1900814,58.792908,0.0,0.0,-0.46719483,-0.007449575999999999,-0.23519376,68.0,191.0,1012.586
109,2018-11-18 10:52:05+07:00,0.53051823,-1.605893,9.671204,58.792908,0.0,0.0,-0.85031587,-0.37779993,-0.114936315,85.0,327.0,1012.59
110,2018-11-18 10:52:36+07:00,3.5081114999999996,-0.5424668,7.04012,58.792908,0.0,0.0,-1.4505389,-0.06598196,0.07023886,66.0,91.0,1012.633
111,2018-11-18 10:52:57+07:00,-2.5617816,-5.692317,7.678176,59.94665500000001,0.0,0.0,-0.004256899999999999,-0.009578026,0.005321126,48.0,123.0,1012.6080000000001
112,2018-11-18 10:53:19+07:00,4.026681,-9.331863,1.6584668000000002,59.94665500000001,0.0,0.0,-0.038312104,-0.03299098,0.042569004,77.0,103.0,1012.595
113,2018-11-18 10:53:40+07:00,3.9525997999999998,-9.095281,1.4003769,59.56073000000001,0.0,0.0,-0.018091828,-0.003192675,0.0,78.0,141.0,1012.5939999999999
114,2018-11-18 10:54:03+07:00,1.3071778,-9.664035,2.8365996,59.56073000000001,0.0,0.0,0.003192675,-0.011706476,-0.005321126,87.0,234.0,1012.5939999999999
115,2018-11-18 10:54:25+07:00,5.262167,-5.8858843,0.60937905,60.246338,0.0,0.0,1.4696949,-0.40334132,1.2313085,82.0,174.0,1012.5219999999999
116,2018-11-18 10:54:45+07:00,7.7761545,-3.3599486000000005,4.6599574,60.246338,0.0,0.0,0.045761682000000005,-0.013834926,-0.044697455999999997,74.0,174.0,1012.572
117,2018-11-18 10:55:06+07:00,8.418989,-3.7470837,1.5843855,60.246338,0.0,0.0,0.054275483,0.08939491,-0.21923038,83.0,181.0,1012.555
118,2018-11-18 10:55:26+07:00,8.648403,-1.4696789,3.9191434000000003,60.246338,0.0,0.0,-0.20965235,-0.027669852999999998,-0.04789013,78.0,296.0,1012.569
119,2018-11-18 10:55:47+07:00,8.007957000000001,1.7636147,4.6790752,60.905640000000005,0.0,0.0,-0.06598196,0.012770701,-0.003192675,76.0,213.0,1012.56604
120,2018-11-18 10:56:10+07:00,7.9721117,1.9882485,4.6312804000000005,61.639556999999996,0.0,0.0,0.0,-0.005321126,-0.012770701,75.0,213.0,1012.579
121,2018-11-18 10:56:30+07:00,8.478732,1.3693104999999999,3.8187752,59.722443000000005,0.0,0.0,0.007449575999999999,0.001064225,-0.001064225,70.0,250.0,1012.6070599999999
122,2018-11-18 10:56:51+07:00,-7.883692,-3.0612334999999997,5.23827,59.722443000000005,0.0,0.0,-0.008513801,-0.017027602,0.00212845,75.0,243.0,1012.6060000000001
123,2018-11-18 10:57:13+07:00,-7.8597946,-3.1831093,5.446175599999999,59.30655,0.0,0.0,0.005321126,0.008513801,0.011706476,83.0,254.0,1012.575
124,2018-11-18 10:57:34+07:00,-4.1007624,7.831117999999999,0.53768736,59.30655,0.0,0.0,0.84605896,-0.363965,1.8762289,83.85114351057747,204.0,1012.6241
125,2018-11-18 10:57:55+07:00,-7.3722916,-1.5103041000000001,6.189379,59.30655,0.0,0.0,-0.005321126,0.27882698,-0.042569004,82.0,234.0,1012.61
126,2018-11-18 10:58:17+07:00,2.6215246,-9.695101,2.1340215,59.3143,0.0,0.0,1.0429405999999999,0.16389067,-0.68110406,83.0,213.0,1012.567
127,2018-11-18 10:58:38+07:00,2.9632549999999998,-8.084429,4.734039,59.3143,0.0,0.0,-0.07555998,0.050018582,0.05640393,82.0,193.0,1012.5989999999999
128,2018-11-18 10:58:59+07:00,8.007957000000001,-4.968230999999999,2.1005654,59.3143,0.0,0.0,0.0,0.014899151999999999,-0.005321126,81.0,175.0,1012.5939999999999
129,2018-11-18 10:59:21+07:00,2.1603084,-9.628189,2.2391691000000002,59.481567000000005,0.0,0.0,-0.005321126,-0.011706476,0.001064225,81.0,169.0,1012.5969
130,2018-11-18 10:59:41+07:00,2.611966,-9.465688,2.4614133999999996,59.481567000000005,0.0,0.0,0.025541402,0.028734079,-0.020220278,72.0,183.0,1012.58
131,2018-11-18 11:00:03+07:00,2.2678458999999997,-9.678372,2.2319999999999998,59.481567000000005,0.0,0.0,0.015963377,-0.006385351,-0.026605628,75.0,188.0,1012.558
132,2018-11-18 11:00:25+07:00,2.516377,-9.307966,3.0182185,59.340393000000006,0.0,0.0,0.057468157,0.071303084,0.031926755,78.0,186.0,1012.54706
133,2018-11-18 11:00:45+07:00,2.241559,-9.451349,3.1592119999999997,59.184875,0.0,0.0,0.014899151999999999,0.005321126,-0.007449575999999999,79.0,193.0,1012.5129400000001
134,2018-11-18 11:01:06+07:00,1.7014817999999998,-9.348591,3.6777816,59.184875,0.0,0.0,-0.123450115,-0.044697455999999997,-0.007449575999999999,77.0,179.0,1012.55
135,2018-11-18 11:01:27+07:00,4.179623,-8.457225,3.3264925,59.184875,0.0,0.0,-0.009578026,0.024477178,-0.053211257000000005,78.0,189.0,1012.52
136,2018-11-18 11:01:47+07:00,2.4279572999999997,-9.432232,2.5474433999999997,59.23205600000001,0.0,0.0,-0.027669852999999998,-0.001064225,0.00212845,78.0,189.0,1012.50604
137,2018-11-18 11:02:08+07:00,2.6764883999999998,-8.982963999999999,3.2882571000000005,59.195923,0.0,0.0,0.008513801,0.007449575999999999,-0.010642251,79.0,199.0,1012.5219999999999
138,2018-11-18 11:02:29+07:00,2.506818,-9.188479,3.132925,59.195923,0.0,0.0,-0.010642251,-0.004256899999999999,0.008513801,79.0,213.0,1012.492
139,2018-11-18 11:02:50+07:00,6.808317,-7.030561,2.5904583999999997,60.028564,0.0,0.0,-0.008513801,0.079816885,0.010642251,81.0,266.0,1012.448
140,2018-11-18 11:03:11+07:00,6.2108865,-7.513285000000001,2.3562654999999997,60.924988,0.0,0.0,-0.008513801,0.0,0.001064225,79.0,254.0,1012.4789999999999
141,2018-11-18 11:03:32+07:00,1.8520343000000001,-9.578005000000001,2.6836574,61.024719999999995,0.0,0.0,-0.018091828,-0.013834926,-0.00212845,74.0,176.0,1012.48
142,2018-11-18 11:03:54+07:00,-6.1917686,-6.335152,5.8333106,61.024719999999995,0.0,0.0,0.62363595,0.1819825,0.09897294,86.0,201.0,1012.4760000000001
143,2018-11-18 11:04:24+07:00,-9.279289,-1.2952291999999999,2.2367795,61.513245,0.0,0.0,-1.1631981000000002,-0.30862528,0.35864386,81.0,225.0,1012.4780000000001
144,2018-11-18 11:05:00+07:00,1.5963341,-0.09558887,9.346202,60.628997999999996,0.0,0.0,-0.07343154,-0.029798305,0.015963377,80.0,288.0,1012.445
145,2018-11-18 11:05:20+07:00,3.3025954,-1.6345696,8.920831,60.993256,0.0,0.0,-1.7134025000000002,-2.3476806,1.5622824,78.0,190.0,1012.465
146,2018-11-18 11:05:41+07:00,6.01015,-6.091400599999999,4.7937818,59.216797,0.0,0.0,-0.00212845,-0.019156052,-0.038312104,66.0,364.0,1012.419
147,2018-11-18 11:06:05+07:00,3.0946896,-9.4441805,4.031460299999999,59.216797,0.0,0.0,-0.42462584,0.06598196,-0.23306529999999998,77.0,171.0,1012.457
148,2018-11-18 11:06:25+07:00,1.7875118000000003,-2.1603084,9.171752,58.07184,0.0,0.0,0.04150478,-0.038312104,-0.019156052,85.0,335.0,1012.423
149,2018-11-18 11:06:47+07:00,1.7229893,-3.3312720999999996,8.899322999999999,58.07184,0.0,0.0,-0.46080947,0.0,0.20113856,74.0,234.0,1012.454
150,2018-11-18 11:07:08+07:00,1.2474347,-0.31305355,9.475246,56.72534,0.0,0.0,0.014899151999999999,-0.11706477,-0.08513801,70.0,140.0,1012.438
151,2018-11-18 11:07:29+07:00,-0.02867666,2.4518544999999996,9.2434435,55.80603000000001,0.0,0.0,-0.011706476,-0.044697455999999997,-0.029798305,74.0,341.0,1012.447
152,2018-11-18 11:07:51+07:00,1.2115889,2.0336533,9.281678999999999,55.80603000000001,0.0,0.0,-0.010642251,-0.008513801,-0.001064225,76.0,188.0,1012.415
153,2018-11-18 11:08:12+07:00,1.3788694,1.1231692,9.353371000000001,55.80603000000001,0.0,0.0,0.023412952,-0.061725058,0.005321126,82.0,181.0,1012.42896
154,2018-11-18 11:08:33+07:00,4.3325653,-3.0516746,8.046192999999999,54.79898000000001,0.0,0.0,4.5112505,-0.42036894,0.2915977,75.0,329.0,1012.4119
155,2018-11-18 11:08:55+07:00,0.81011564,0.74798286,9.525431,54.79898000000001,0.0,0.0,2.524342,-1.5292915,3.223538,89.0,219.0,1012.408
156,2018-11-18 11:09:16+07:00,2.6645396,-9.255392,2.6693192000000003,55.001373,0.0,0.0,0.00212845,-0.003192675,0.009578026,76.0,215.0,1012.42206
157,2018-11-18 11:09:38+07:00,2.1889849999999997,-9.250612,3.3360515,55.001373,0.0,0.0,-0.018091828,-0.009578026,0.006385351,79.0,222.0,1012.425
158,2018-11-18 11:09:59+07:00,2.3228095,-9.480025999999999,2.8796146,54.988921999999995,0.0,0.0,-0.010642251,0.001064225,0.0,71.0,224.0,1012.4
159,2018-11-18 11:10:19+07:00,2.2272205,-9.432232,2.9297988,54.95456,0.0,0.0,-0.010642251,-0.008513801,-0.00212845,82.0,219.0,1012.408
160,2018-11-18 11:10:41+07:00,2.2678458999999997,-9.487195,2.8318202,54.95456,0.0,0.0,-0.022348727999999998,0.023412952,0.005321126,71.0,244.0,1012.416
161,2018-11-18 11:11:03+07:00,1.8639828999999999,-9.697491000000001,2.8007538,54.95456,0.0,0.0,0.1649549,0.027669852999999998,0.0,77.0,218.0,1012.414
162,2018-11-18 11:11:23+07:00,2.0623298,-2.4327366,9.647306,54.264219999999995,0.0,0.0,0.2075239,-0.5523328000000001,0.12770702,79.0,332.0,1012.3519
163,2018-11-18 11:11:44+07:00,2.0121458,1.54615,9.190869000000001,53.515685999999995,0.0,0.0,-0.011706476,-0.008513801,0.00212845,77.0,318.0,1012.3519
164,2018-11-18 11:12:06+07:00,0.76471096,2.1579187,9.226714999999999,53.678436,0.0,0.0,-0.004256899999999999,0.006385351,0.0,82.0,287.0,1012.372
165,2018-11-18 11:12:27+07:00,4.741207599999999,-4.4878974000000005,7.314938000000001,53.678436,0.0,0.0,0.31075373,0.08833068599999999,-0.08939491,82.0,254.0,1012.355
166,2018-11-18 11:12:49+07:00,2.8318202,-6.4068437000000005,5.795075,53.43866,0.0,0.0,0.34161627,0.04150478,-0.079816885,74.0,210.0,1012.372
167,2018-11-18 11:13:10+07:00,3.5415676,-2.1507494,8.263658,53.43866,0.0,0.0,-0.06491773599999999,0.034055203,-0.160698,73.0,326.0,1012.3660000000001
168,2018-11-18 11:13:30+07:00,2.14597,0.3751863,9.300796499999999,53.43866,0.0,0.0,0.027669852999999998,0.008513801,-0.018091828,72.0,212.0,1012.3620599999999
169,2018-11-18 11:13:51+07:00,2.9584754,-7.912368300000001,5.5656620000000006,52.689696999999995,0.0,0.0,0.34587318,0.11706477,-0.046825904,72.0,269.0,1012.345
170,2018-11-18 11:14:13+07:00,0.4946724,1.8974389999999999,9.389216000000001,52.689696999999995,0.0,0.0,0.038312104,-0.040440556,0.04150478,73.0,198.0,1012.373
171,2018-11-18 11:14:33+07:00,1.536591,-2.2797945,9.085722,52.689696999999995,0.0,0.0,-0.7172877,0.08833068599999999,-0.28308390000000005,78.0,178.0,1012.3660000000001
172,2018-11-18 11:14:54+07:00,1.8233576,-8.053362,5.6110663,52.689696999999995,0.0,0.0,0.015963377,0.00212845,0.007449575999999999,77.0,318.0,1012.32104
173,2018-11-18 11:15:15+07:00,2.3323683999999996,-0.11470664,9.260172,53.03006,0.0,0.0,-0.06066083,-0.007449575999999999,-0.001064225,87.0,231.0,1012.3519
174,2018-11-18 11:15:35+07:00,2.6717087999999998,-6.629088,6.674492999999999,52.737244,0.0,0.0,0.0,-0.010642251,0.034055203,80.0,195.0,1012.336
175,2018-11-18 11:15:56+07:00,2.1077343999999996,-1.0705953000000001,9.312745,52.737244,0.0,0.0,-0.06917463,0.019156052,0.055339705,82.0,215.0,1012.34
176,2018-11-18 11:16:17+07:00,2.3586552000000003,-6.8393836,6.8393836,52.19214,0.0,0.0,0.044697455999999997,-0.001064225,0.013834926,84.0,320.0,1012.336
177,2018-11-18 11:16:39+07:00,4.996908,-9.5015335,3.579803,52.19214,0.0,0.0,1.8741004,0.18730362,0.25541404,81.0,237.0,1012.3589999999999
178,2018-11-18 11:17:01+07:00,7.4965568,-4.0195117,2.208103,52.19214,0.0,0.0,0.09365181,0.004256899999999999,-0.03511943,76.0,240.0,1012.3570599999999
179,2018-11-18 11:17:21+07:00,0.87702787,-7.4511523,6.569344999999999,52.180115,0.0,0.0,0.0,-0.003192675,-0.004256899999999999,80.0,198.0,1012.34
180,2018-11-18 11:17:43+07:00,1.6751949000000002,-7.807221000000001,6.1296363,51.571870000000004,0.0,0.0,0.013834926,0.006385351,0.001064225,73.0,254.0,1012.345
181,2018-11-18 11:18:25+07:00,1.6130621,-8.440497,5.269336,51.10675,0.0,0.0,-0.020220278,-0.007449575999999999,0.005321126,65.0,244.0,1012.3560000000001
182,2018-11-18 11:18:46+07:00,1.1661841999999998,-1.4625096000000002,9.092891,51.10675,0.0,0.0,0.25647825,0.08513801,-0.055339705,73.0,216.0,1012.3589999999999
183,2018-11-18 11:19:08+07:00,3.2380729,-9.219546000000001,2.729062,51.10675,0.0,0.0,0.021284502,-0.46932328,-0.013834926,66.0,218.0,1012.3639999999999
184,2018-11-18 11:19:31+07:00,6.4331307,-5.092497,5.601507700000001,50.700990000000004,0.0,0.0,-0.27989122,-0.03724788,0.245836,64.0,276.0,1012.336
185,2018-11-18 11:19:53+07:00,1.8568137999999998,-6.471366400000001,7.396188700000001,50.541046,0.0,0.0,-0.008513801,0.00212845,-0.005321126,65.0,228.0,1012.3430000000001
186,2018-11-18 11:20:15+07:00,8.908882,-1.5342013,3.00627,50.541046,0.0,0.0,0.33948782,0.094716035,0.026605628,73.0,170.0,1012.345
187,2018-11-18 11:20:35+07:00,0.5830920999999999,-1.54615,9.859992,50.387146,0.0,0.0,-0.5172134,-0.07875266,0.1819825,73.0,204.0,1012.3610000000001
188,2018-11-18 11:20:56+07:00,2.0025868,-1.0251906,9.305576,50.387146,0.0,0.0,0.046825904,-0.010642251,0.00212845,81.0,236.0,1012.355
189,2018-11-18 11:21:17+07:00,3.443589,-6.5478373,6.308865,50.32669,0.0,0.0,0.8300956,-0.6598196,0.33735937,76.0,239.0,1012.3610000000001
190,2018-11-18 11:21:38+07:00,2.4375162,-2.3323683999999996,9.061825,50.130463,0.0,0.0,0.03299098,0.0,-0.004256899999999999,71.0,236.0,1012.331
191,2018-11-18 11:22:00+07:00,2.944137,-6.349490599999999,7.6184325,50.130463,0.0,0.0,0.005321126,-0.09790871,-0.12132166,77.0,279.0,1012.324
192,2018-11-18 11:22:22+07:00,1.1566253,-8.595829,5.0016875,50.130463,0.0,0.0,-0.027669852999999998,-0.020220278,-0.013834926,68.0,239.0,1012.323
193,2018-11-18 11:22:42+07:00,0.55919486,2.1579187,9.709439,49.981537,0.0,0.0,0.0,0.1266428,0.1904963,84.0,231.0,1012.2710000000001
194,2018-11-18 11:23:02+07:00,6.5311093,-1.0849336,4.8057303,49.981537,0.0,0.0,-1.1174363999999999,0.53636944,0.10322983599999999,73.0,330.0,1012.2679400000001
195,2018-11-18 11:23:23+07:00,0.60220987,-0.35128909999999997,9.432232,50.14038,0.0,0.0,-0.030862529,0.001064225,0.001064225,81.0,225.0,1012.29
196,2018-11-18 11:29:41+07:00,-0.6165482,1.5796059999999998,10.058338000000001,51.923462,0.0,0.0,0.17666137,-0.8843711,-0.8939491,79.0,210.0,1012.158
197,2018-11-18 11:30:03+07:00,2.3084712000000005,-4.9395546999999995,8.199135,52.44452,0.0,0.0,-0.007449575999999999,0.0,-0.00212845,75.0,240.0,1012.15
198,2018-11-18 11:30:27+07:00,2.3490963,-7.7952724,5.861987,52.44452,0.0,0.0,0.003192675,0.0,-0.00212845,83.0,285.0,1012.1241
199,2018-11-18 11:30:49+07:00,0.7455932,-12.761114,4.483118,800.0,0.0,0.0,0.3607723,-0.12877125,-0.28627655,87.0,302.0,1012.092
200,2018-11-18 11:31:11+07:00,3.0014904,-8.359246,4.9586725,52.263000000000005,0.0,0.0,0.1308997,-0.04363323,-0.030862529,79.0,299.0,1012.11
201,2018-11-18 11:31:31+07:00,3.6299872000000004,-6.911075,6.4331307,52.042846999999995,0.0,0.0,-0.2617994,0.07023886,0.03299098,81.0,218.0,1012.117
202,2018-11-18 11:31:52+07:00,2.5187666,-6.848942299999999,6.7485743000000005,51.881409999999995,0.0,0.0,-0.04150478,0.021284502,0.019156052,75.0,216.0,1012.1030000000001
203,2018-11-18 11:32:13+07:00,2.6860470000000003,-7.1500473,6.387726,51.881409999999995,0.0,0.0,0.012770701,-0.003192675,-0.008513801,71.0,264.0,1012.1339999999999
204,2018-11-18 11:32:34+07:00,2.3060815,-6.5812936,6.908685,51.881409999999995,0.0,0.0,-0.019156052,0.003192675,-0.010642251,70.0,201.0,1012.09
205,2018-11-18 11:32:56+07:00,7.023391999999999,3.4244711000000003,2.729062,51.567383,0.0,0.0,-0.21071658,0.9375824,0.22667995,77.0,275.0,1012.115
206,2018-11-18 11:33:17+07:00,4.9180474,-7.6710066999999995,3.9741072999999996,52.544403,0.0,0.0,-0.055339705,0.023412952,-0.05640393,77.0,213.0,1012.1120599999999
207,2018-11-18 11:33:38+07:00,6.227615,-7.656667999999999,0.3297816,52.544403,0.0,0.0,0.15218419,-0.14260617,0.0,67.0,219.0,1012.086
208,2018-11-18 11:33:59+07:00,1.9476231,-8.638844,4.5978246,52.544403,0.0,0.0,1.3313457,0.2532856,-0.18943207,73.0,201.0,1012.1080000000001
209,2018-11-18 11:34:20+07:00,2.2678458999999997,-4.0601373,9.300796499999999,52.544403,0.0,0.0,0.3011757,-0.09152336400000001,-0.001064225,82.0,148.0,1012.1209
210,2018-11-18 11:34:42+07:00,6.4498587,6.8011479999999995,-0.3871349,52.544403,0.0,0.0,-0.014899151999999999,0.03724788,-0.017027602,72.0,179.0,1012.0930000000001
211,2018-11-18 11:35:03+07:00,3.5535161,5.070989599999999,4.832017400000001,52.544403,0.0,0.0,-0.012770701,0.57681,0.4576168,81.0,249.0,1012.0930000000001
212,2018-11-18 11:35:23+07:00,2.377773,-6.0675035,7.353173700000001,52.544403,0.0,0.0,0.036183655,0.0,-0.008513801,81.0,291.0,1012.087
213,2018-11-18 11:35:44+07:00,3.4555376000000004,-6.464197,7.291041000000001,52.544403,0.0,0.0,0.014899151999999999,0.16601913,0.013834926,86.0,237.0,1012.0930000000001
214,2018-11-18 11:36:05+07:00,1.9069979,-0.34173020000000004,9.377267999999999,52.544403,0.0,0.0,-0.76837057,-0.68323255,1.3079326999999998,77.0,173.0,1012.0889999999999
215,2018-11-18 11:36:26+07:00,2.9274092,-9.718998,0.37996575,50.547363,0.0,0.0,0.9045914,0.41824049999999996,0.100037165,68.0,308.0,1012.0930000000001
216,2018-11-18 11:36:50+07:00,5.771178,-6.8895674,-3.2428522,50.547363,0.0,0.0,0.6842968,-0.65024155,-0.34906584,66.0,204.0,1012.087
217,2018-11-18 11:37:12+07:00,1.2115889,-10.118082000000001,-1.3000085,50.965454,0.0,0.0,0.07023886,0.029798305,-0.022348727999999998,71.0,207.0,1012.105
218,2018-11-18 11:37:32+07:00,1.3262955,-10.194552,-0.9893448,50.965454,0.0,0.0,0.07555998,0.031926755,-0.028734079,76.0,204.0,1012.08295
219,2018-11-18 11:37:54+07:00,1.2522142,-10.153928,-0.93199146,51.34073,0.0,0.0,-0.024477178,-0.030862529,-0.021284502,71.0,206.0,1012.07104
220,2018-11-18 11:38:17+07:00,1.3955975,-10.005765,-1.1040515,51.923615000000005,0.0,0.0,-0.04363323,0.004256899999999999,0.003192675,90.0,338.0,1012.05
221,2018-11-18 11:38:38+07:00,2.3801627,-9.845654,0.74320346,51.923615000000005,0.0,0.0,-0.013834926,0.0,0.00212845,75.0,297.0,1012.0319999999999
222,2018-11-18 11:38:59+07:00,4.459221,-9.037927999999999,0.7264754,51.923615000000005,0.0,0.0,-0.031926755,0.008513801,-0.008513801,61.0,399.0,1012.033
223,2018-11-18 11:39:22+07:00,0.506621,-10.180214,0.37040687,52.023956,0.0,0.0,-0.013834926,-0.007449575999999999,-0.015963377,75.0,406.0,1012.0210000000001
224,2018-11-18 11:39:43+07:00,1.3454133,-10.3355465,-1.3023983000000001,52.56131,0.0,0.0,-0.07875266,-0.026605628,-0.06598196,76.0,336.0,1012.0
225,2018-11-18 11:40:05+07:00,2.4088395,-9.898227,0.2772077,53.07184,0.0,0.0,-0.012770701,0.005321126,-0.008513801,71.0,401.0,1012.00604
226,2018-11-18 11:40:27+07:00,0.3082741,-9.972308,-2.5832891,53.07184,0.0,0.0,-0.006385351,-0.00212845,-0.005321126,70.0,401.0,1012.0129400000001
227,2018-11-18 11:40:47+07:00,1.5724368,-9.4155035,-3.8594004999999996,55.97342,0.0,0.0,-0.10216561,0.45974526,-0.44058922,74.0,364.0,1012.003
228,2018-11-18 11:41:09+07:00,7.7713747,-3.6514947,-4.705362,56.601105000000004,0.0,0.0,-0.011706476,-0.007449575999999999,-0.00212845,79.0,362.0,1011.961
229,2018-11-18 11:41:52+07:00,5.967135,-7.909978999999999,-0.49945185,56.601105000000004,0.0,0.0,-0.5331768,0.46825907,-0.04150478,77.0,368.0,1011.943
230,2018-11-18 11:42:13+07:00,9.267341,1.5604882,1.4792377,58.140106,0.0,0.0,-0.011706476,0.003192675,0.0,75.0,233.0,1011.938
231,2018-11-18 11:42:34+07:00,8.765499,1.3143468999999999,3.0301669999999996,58.140106,0.0,0.0,0.024477178,-0.040440556,-0.13728504,74.0,323.0,1011.927
232,2018-11-18 11:42:54+07:00,8.765499,1.2498243999999998,3.658664,59.622772,0.0,0.0,0.005321126,-0.021284502,-0.011706476,71.0,330.0,1011.93
233,2018-11-18 11:43:16+07:00,8.418989,2.3467066,3.4507582,59.622772,0.0,0.0,0.13196392,0.14260617,0.06278928,89.0,48.0,1011.995
234,2018-11-18 11:43:36+07:00,3.5439572,-8.853919,0.90331477,61.24872,0.0,0.0,-0.00212845,0.051082805,-0.08407379,87.0,79.0,1011.997
235,2018-11-18 11:43:58+07:00,0.67151177,-9.570835,1.3023983000000001,61.24872,0.0,0.0,0.20007433,-0.34906584,-0.64598465,79.0,107.0,1011.947
236,2018-11-18 11:44:20+07:00,-9.317525,-1.9476231,3.7566426,58.484680000000004,0.0,0.0,-0.8449948,0.012770701,0.2628636,65.0,142.0,1011.962
237,2018-11-18 11:44:48+07:00,-8.918442,-2.6143556,4.0840344,58.484680000000004,0.0,0.0,0.31926754,0.054275483,-0.24051487,53.0,51.0,1012.0210000000001
238,2018-11-18 11:45:14+07:00,-0.41581157,-7.322107300000001,-7.140488,56.272003000000005,0.0,0.0,-0.37141457,-0.07555998,-0.019156052,58.0,101.0,1012.045
239,2018-11-18 15:59:57+07:00,-1.3597516,2.74818,8.93039,195.44054,0.0,0.0,-0.009578026,0.0,-0.006385351,60.0,196.0,1007.3539999999999
240,2018-11-18 16:00:22+07:00,0.6165482,-5.2358804,8.4954605,224.60886000000002,0.0,0.0,0.40653402,-0.10961519,0.114936315,56.0,166.0,1008.377
241,2018-11-18 16:00:58+07:00,-0.14816274,-7.7474775,-4.925216000000001,224.60886000000002,0.0,0.0,-0.5172134,0.5885165,0.9280043,74.0,631.0,1008.466
242,2018-11-18 16:01:27+07:00,-2.0456018,-6.6004114000000005,-9.979478,224.60886000000002,13.548745000000002,100.2776967,0.18517518,-0.1777256,-0.44591033,102.0,631.0,1008.6339999999999
243,2018-11-18 16:01:49+07:00,-2.8103127,-4.0577474,-7.441592999999999,254.30719,13.54833833,100.27767,0.13409236,0.15963377,-0.15111996,101.0,221.0867924528302,1008.663
244,2018-11-18 16:02:08+07:00,-1.9476231,-6.736625,-6.844163000000001,225.7794,13.548,100.27748829999999,0.040440556,0.100037165,0.08939491,83.0,683.0,1008.62
245,2018-11-18 16:02:43+07:00,3.5367879999999996,-8.839580999999999,4.5978246,225.7794,13.54799667,100.2775133,0.15324841,0.007449575999999999,-0.13834926,81.0,221.0867924528302,1008.567
246,2018-11-18 16:03:15+07:00,-8.736822,-0.97978586,10.440694,225.7794,13.54804667,100.2775567,0.20433122,1.0376195,-2.3700294,69.0,95.0,1008.62
247,2018-11-18 16:03:15+07:00,-8.736822,-0.97978586,10.440694,225.7794,13.54804667,100.2775567,0.20433122,1.0376195,-2.3700294,83.85114351057747,95.0,1008.62
248,2018-11-18 16:03:52+07:00,6.35427,-7.259974499999999,-2.9608653,225.7794,13.54799667,100.27753829999999,0.005321126,-0.009578026,0.018091828,65.0,81.0,1008.6110000000001
249,2018-11-18 16:04:31+07:00,6.414013,-7.4511523,-2.2797945,225.7794,13.54801167,100.277575,0.003192675,-0.012770701,0.008513801,59.0,116.0,1008.628
250,2018-11-18 16:04:52+07:00,6.858501400000001,-6.8895674,-2.2248308999999997,214.77422,13.54808667,100.27736329999999,0.013834926,-0.017027602,0.03724788,59.0,156.0,1008.633
251,2018-11-18 16:05:11+07:00,5.8261414,-7.967332000000001,-2.1603084,214.77422,13.54836833,100.2770983,-0.079816885,-0.06917463,0.028734079,67.0,76.0,1008.5939999999999
252,2018-11-18 16:05:11+07:00,5.8261414,-7.967332000000001,3.892983335075758,214.77422,13.54836833,100.2770983,-0.079816885,-0.06917463,0.028734079,67.0,76.0,1008.5939999999999
253,2018-11-18 16:05:31+07:00,6.337542,-8.49785,-1.4314433000000002,214.77422,13.549075,100.2768233,0.160698,0.046825904,-0.011706476,65.0,76.0,1008.6469999999999
254,2018-11-18 16:05:31+07:00,1.6871887560984857,-8.49785,-1.4314433000000002,214.77422,13.549075,100.2768233,0.160698,0.046825904,-0.011706476,65.0,76.0,1008.6469999999999
255,2018-11-18 16:05:51+07:00,5.4652934,-5.5919485,-4.561979,214.7742,13.54998833,100.276605,0.09897294,0.053211257000000005,-0.007449575999999999,63.0,29.0,1008.6489999999999
256,2018-11-18 16:06:10+07:00,4.1246595,-5.522647,-7.4774389999999995,218.6624,13.550525,100.2766283,-0.012770701,0.0,-0.026605628,47.0,10.0,1008.5930000000001
257,2018-11-18 16:06:30+07:00,4.8105097,-6.765302,-7.396188700000001,225.21982000000003,13.550629999999998,100.2781783,0.23945065,1.1802257,1.5069427,65.0,62.0,1008.567
258,2018-11-18 16:06:49+07:00,0.9200429,-8.137002,-6.330373000000001,225.21982000000003,13.55075667,100.2789433,-0.100037165,0.06278928,-0.11600054,59.0,58.0,1008.685
259,2018-11-18 16:07:11+07:00,1.3860385,-8.321011,-5.630184,225.21982000000003,13.55066667,100.2792633,0.021284502,-0.015963377,0.012770701,64.0,45.0,1008.655
260,2018-11-18 16:07:32+07:00,4.803340400000001,0.050184157,-8.263658,225.21982000000003,13.55102167,100.2802167,-0.031926755,-0.094716035,0.03724788,66.0,0.0,1008.6469999999999
261,2018-11-18 16:07:58+07:00,1.7803427,-6.60997,2.0814476,228.24622999999997,13.552975,100.28014,-1.1993817,0.2117808,-0.054275483,70.0,99.0,1008.6379400000001
262,2018-11-18 16:08:19+07:00,0.39908352,-8.364025999999999,-5.357756,230.5932,13.553595000000001,100.2796333,-0.019156052,-0.06278928,0.100037165,66.0,114.0,1008.725
263,2018-11-18 16:08:42+07:00,0.7455932,-8.820463,-5.1068354000000005,232.32242000000002,13.55351833,100.27972829999999,0.013834926,0.034055203,0.017027602,57.0,44.0,1008.693
264,2018-11-18 16:09:04+07:00,0.48033404,-8.700975999999999,-4.669516000000001,232.32242000000002,13.55351833,100.27972829999999,0.06598196,-0.058532383,0.05214703,63.0,0.0,1008.7260000000001
